<PAMDataset>
  <PAMRasterBand band="1">
    <Histograms>
      <HistItem>
        <HistMin>0</HistMin>
        <HistMax>1049465</HistMax>
        <BucketCount>256</BucketCount>
        <IncludeOutOfRange>1</IncludeOutOfRange>
        <Approximate>0</Approximate>
        <HistCounts>1043420|2778|1129|783|691|360|197|71|21|100|163|229|222|67|69|31|60|92|77|57|64|114|89|42|84|64|39|39|58|0|29|6|41|86|79|49|0|0|0|19|0|61|42|0|0|35|0|0|0|0|0|0|0|0|0|0|0|0|0|0|0|0|0|0|0|0|0|0|0|0|0|0|0|0|0|0|0|0|0|0|0|36|0|0|0|0|0|12|26|53|0|51|24|34|34|34|54|0|22|0|0|0|0|0|0|0|0|0|0|0|0|0|0|0|0|0|0|0|0|0|0|0|0|0|3|0|0|0|0|0|0|0|0|0|0|10|70|0|0|52|61|27|32|0|0|4|12|76|20|0|27|0|0|0|18|71|18|53|0|17|0|0|24|23|0|39|42|25|58|27|3|56|40|0|0|27|6|54|0|0|0|0|0|0|0|0|0|0|53|85|20|0|0|0|0|7|12|0|58|36|34|0|60|0|0|32|0|0|0|0|0|0|0|0|0|0|0|0|0|0|0|0|0|0|0|0|0|0|0|0|52|11|31|0|7|50|2|11|77|18|0|0|0|0|0|0|0|0|0|0|0|0|0|12|8|1</HistCounts>
      </HistItem>
    </Histograms>
    <Metadata>
      <MDI key="STATISTICS_MINIMUM">0</MDI>
      <MDI key="STATISTICS_MAXIMUM">1049465</MDI>
      <MDI key="STATISTICS_MEAN">1588.1074490206</MDI>
      <MDI key="STATISTICS_STDDEV">31015.108501106</MDI>
      <MDI key="STATISTICS_SKIPFACTORX">1</MDI>
      <MDI key="STATISTICS_SKIPFACTORY">1</MDI>
      <MDI key="STATISTICS_COVARIANCES">961936955.335363</MDI>
    </Metadata>
  </PAMRasterBand>
</PAMDataset>
