<?xml version="1.0" encoding="UTF-8"?>
<metadata xml:lang="zh"><Esri><CreaDate>20250623</CreaDate><CreaTime>09560500</CreaTime><ArcGISFormat>1.0</ArcGISFormat><SyncOnce>TRUE</SyncOnce><DataProperties><itemProps><itemLocation><linkage Sync="TRUE">file://\\LAPTOP-H5R0DTUL\F$\专利申请\一种考虑地表形态特征的子流域与坡面判别方法\CODE\brown_mountain_watershed\visual_stream.tif</linkage><protocol Sync="TRUE">Local Area Network</protocol></itemLocation></itemProps><copyHistory><copy source="F:\专利申请\一种考虑地表形态特征的子流域与坡面判别方法\DATA\研究区\NHD\ablq\河流等级\visual_stream.tif" dest="\\LAPTOP-H5R0DTUL\F$\专利申请\一种考虑地表形态特征的子流域与坡面判别方法\CODE\brown_mountain_watershed\visual_stream.tif" date="20250623" time="09560500"></copy></copyHistory></DataProperties></Esri></metadata>
