<PAMDataset>
  <Metadata />
  <Metadata domain="Esri">
    <MDI key="PyramidResamplingType">NEAREST</MDI>
  </Metadata>
  <PAMRasterBand band="1">
    <Histograms>
      <HistItem>
        <HistMin>0</HistMin>
        <HistMax>1150533</HistMax>
        <BucketCount>256</BucketCount>
        <IncludeOutOfRange>1</IncludeOutOfRange>
        <Approximate>0</Approximate>
        <HistCounts>1155957|2669|1011|654|502|282|315|256|123|189|224|223|171|74|118|95|97|30|54|15|39|23|70|43|64|38|0|0|56|19|24|91|0|11|31|0|88|42|23|59|158|19|21|45|85|43|64|35|30|0|0|0|34|3|30|19|33|27|25|57|21|47|33|64|9|0|47|27|6|23|12|0|0|36|33|84|27|6|0|51|2|0|0|34|0|0|50|18|0|26|0|0|0|7|40|0|26|57|18|0|0|0|0|0|0|0|0|0|0|0|0|0|0|0|0|0|0|0|0|0|0|0|0|0|0|0|0|0|0|0|0|40|20|0|19|31|6|22|18|28|11|0|0|0|0|0|0|0|0|0|0|0|0|0|0|0|0|0|0|0|0|0|0|0|0|0|0|0|0|0|0|0|0|0|0|0|0|0|0|0|0|0|0|0|0|0|0|0|0|0|0|0|0|0|0|0|0|0|0|0|0|0|0|0|0|0|0|0|0|0|0|0|0|0|0|0|0|0|0|0|0|0|0|0|0|0|0|0|0|0|0|0|0|0|0|0|0|0|8|14|0|41|15|0|0|0|0|5|23|45|0|8|45|37|26|1</HistCounts>
      </HistItem>
    </Histograms>
    <Metadata>
      <MDI key="STATISTICS_MINIMUM">0</MDI>
      <MDI key="STATISTICS_MAXIMUM">1150533</MDI>
      <MDI key="STATISTICS_MEAN">985.99982586691</MDI>
      <MDI key="STATISTICS_STDDEV">21988.424296108</MDI>
      <MDI key="STATISTICS_SKIPFACTORX">1</MDI>
      <MDI key="STATISTICS_SKIPFACTORY">1</MDI>
      <MDI key="STATISTICS_COVARIANCES">483490803.025663</MDI>
    </Metadata>
  </PAMRasterBand>
</PAMDataset>
