<PAMDataset>
  <Metadata />
  <Metadata domain="Esri">
    <MDI key="PyramidResamplingType">NEAREST</MDI>
  </Metadata>
  <PAMRasterBand band="1">
    <Histograms>
      <HistItem>
        <HistMin>1</HistMin>
        <HistMax>125</HistMax>
        <BucketCount>256</BucketCount>
        <IncludeOutOfRange>1</IncludeOutOfRange>
        <Approximate>0</Approximate>
        <HistCounts>68|0|100|0|146|0|178|0|183|0|176|0|140|0|138|0|208|0|79|0|429|0|44|0|214|0|79|0|33|0|145|0|284|0|89|0|0|1|0|71|0|86|0|238|0|72|0|69|0|28|0|125|0|60|0|45|0|1|0|113|0|151|0|120|0|76|0|11|0|31|0|35|0|0|84|0|79|0|155|0|205|0|110|0|76|0|1|0|110|0|131|0|89|0|1|0|274|0|110|0|357|0|56|0|125|0|149|0|95|0|0|64|0|247|0|37|0|97|0|75|0|90|0|17|0|10|0|97|0|1|0|226|0|80|0|108|0|70|0|102|0|89|0|35|0|0|122|0|238|0|74|0|47|0|148|0|78|0|109|0|137|0|57|0|53|0|56|0|65|0|54|0|130|0|16|0|58|0|60|0|18|0|0|100|0|68|0|131|0|73|0|74|0|123|0|113|0|50|0|26|0|47|0|101|0|24|0|1|0|6|0|63|0|75|0|34|0|153|0|0|1|0|34|0|11|0|144|0|22|0|56|0|88|0|23|0|82|0|50|0|74|0|53|0|53|0|77|0|34|0|73|0|46|0|0|64</HistCounts>
      </HistItem>
    </Histograms>
    <Metadata>
      <MDI key="STATISTICS_MINIMUM">1</MDI>
      <MDI key="STATISTICS_MAXIMUM">125</MDI>
      <MDI key="STATISTICS_MEAN">53.338093164998</MDI>
      <MDI key="STATISTICS_STDDEV">35.06963042402</MDI>
      <MDI key="STATISTICS_SKIPFACTORX">1</MDI>
      <MDI key="STATISTICS_SKIPFACTORY">1</MDI>
    </Metadata>
  </PAMRasterBand>
</PAMDataset>
