<?xml version="1.0" encoding="UTF-8"?>
<metadata xml:lang="zh"><Esri><CreaDate>20250623</CreaDate><CreaTime>09350900</CreaTime><ArcGISFormat>1.0</ArcGISFormat><SyncOnce>TRUE</SyncOnce><DataProperties><lineage><Process ToolSource="d:\program files (x86)\arcgis\desktop10.2\ArcToolbox\Toolboxes\Spatial Analyst Tools.tbx\StreamLink" Date="20250208" Time="202320">StreamLink dkss_valid.tif dir.tif F:\专利申请\一种考虑地表形态特征的子流域与坡面判别方法\DATA\研究区\NHD\验证河网\dkss_valid1.tif</Process></lineage><itemProps><itemLocation><linkage Sync="TRUE">file://\\LAPTOP-H5R0DTUL\F$\专利申请\一种考虑地表形态特征的子流域与坡面判别方法\CODE\dkss\dkss_valid.tif</linkage><protocol Sync="TRUE">Local Area Network</protocol></itemLocation></itemProps><copyHistory><copy source="F:\专利申请\一种考虑地表形态特征的子流域与坡面判别方法\DATA\研究区\NHD\验证河网\dkss_valid.tif" dest="\\LAPTOP-H5R0DTUL\F$\专利申请\一种考虑地表形态特征的子流域与坡面判别方法\CODE\dkss\dkss_valid.tif" date="20250623" time="09350900"></copy></copyHistory></DataProperties></Esri></metadata>
