<?xml version="1.0" encoding="UTF-8"?>
<metadata xml:lang="zh"><Esri><CreaDate>20250623</CreaDate><CreaTime>14032100</CreaTime><ArcGISFormat>1.0</ArcGISFormat><SyncOnce>TRUE</SyncOnce><DataProperties><lineage><Process ToolSource="d:\program files (x86)\arcgis\desktop10.2\ArcToolbox\Toolboxes\Spatial Analyst Tools.tbx\FlowAccumulation" Date="20250623" Time="140309">FlowAccumulation dir.tif F:\专利申请\一种考虑地表形态特征的子流域与坡面判别方法\DATA\研究区\NHD\Tippecanoe\region2\rundata\acc.tif # FLOAT</Process></lineage><itemProps><itemLocation><linkage Sync="TRUE">file://\\LAPTOP-H5R0DTUL\F$\专利申请\一种考虑地表形态特征的子流域与坡面判别方法\CODE\little_yellow_creek_watershed\acc.tif</linkage><protocol Sync="TRUE">Local Area Network</protocol></itemLocation></itemProps><copyHistory><copy source="F:\专利申请\一种考虑地表形态特征的子流域与坡面判别方法\DATA\研究区\NHD\Tippecanoe\region2\rundata\acc.tif" dest="\\LAPTOP-H5R0DTUL\F$\专利申请\一种考虑地表形态特征的子流域与坡面判别方法\CODE\little_yellow_creek_watershed\acc.tif" date="20250623" time="14032100"></copy></copyHistory></DataProperties></Esri></metadata>
