<PAMDataset>
  <PAMRasterBand band="1">
    <Histograms>
      <HistItem>
        <HistMin>0</HistMin>
        <HistMax>275886</HistMax>
        <BucketCount>256</BucketCount>
        <IncludeOutOfRange>1</IncludeOutOfRange>
        <Approximate>0</Approximate>
        <HistCounts>270168|1596|706|493|295|411|224|61|92|121|52|26|64|59|12|37|64|69|31|23|74|18|12|78|13|18|66|23|35|10|38|8|0|0|8|13|18|18|0|19|0|0|0|0|0|0|0|0|0|0|0|0|0|0|0|0|0|0|0|0|6|15|15|39|0|11|0|0|0|0|0|0|0|0|0|9|4|21|35|0|0|0|0|0|0|0|0|0|0|0|0|0|0|0|10|5|17|0|0|11|23|0|0|0|0|1|31|20|12|11|18|17|0|0|0|0|0|0|0|0|0|0|0|0|0|0|0|0|0|0|0|0|0|0|0|0|0|0|0|0|0|0|21|51|0|0|1|8|3|21|0|0|0|0|0|0|0|0|0|0|0|0|0|0|0|0|0|0|0|0|0|0|0|0|0|0|4|6|0|0|0|0|7|23|0|0|0|0|0|17|11|30|0|0|0|0|11|16|0|0|15|28|19|0|0|0|0|0|0|0|0|0|14|17|0|0|0|0|0|0|0|0|0|0|0|0|0|0|0|0|0|0|0|0|0|0|0|0|0|0|0|0|15|0|0|0|14|25|26|0|0|3|15|39|22|1</HistCounts>
      </HistItem>
    </Histograms>
    <Metadata>
      <MDI key="STATISTICS_MINIMUM">0</MDI>
      <MDI key="STATISTICS_MAXIMUM">275886</MDI>
      <MDI key="STATISTICS_MEAN">643.63184927162</MDI>
      <MDI key="STATISTICS_STDDEV">10033.054302053</MDI>
      <MDI key="STATISTICS_SKIPFACTORX">1</MDI>
      <MDI key="STATISTICS_SKIPFACTORY">1</MDI>
      <MDI key="STATISTICS_COVARIANCES">100662178.627939</MDI>
    </Metadata>
  </PAMRasterBand>
</PAMDataset>
