<PAMDataset>
  <PAMRasterBand band="1">
    <Metadata>
      <MDI key="STATISTICS_MINIMUM">237.1961517334</MDI>
      <MDI key="STATISTICS_MAXIMUM">275.05267333984</MDI>
      <MDI key="STATISTICS_MEAN">261.79862483406</MDI>
      <MDI key="STATISTICS_STDDEV">6.4764143246499</MDI>
      <MDI key="STATISTICS_SKIPFACTORX">1</MDI>
      <MDI key="STATISTICS_SKIPFACTORY">1</MDI>
      <MDI key="STATISTICS_EXCLUDEDVALUES"></MDI>
      <MDI key="STATISTICS_COVARIANCES">41.9439425045302</MDI>
    </Metadata>
  </PAMRasterBand>
</PAMDataset>
