<?xml version="1.0" encoding="UTF-8"?>
<metadata xml:lang="zh"><Esri><CreaDate>20250623</CreaDate><CreaTime>14001900</CreaTime><ArcGISFormat>1.0</ArcGISFormat><SyncOnce>TRUE</SyncOnce><DataProperties><lineage><Process Name="Stream Order" ToolSource="d:\program files (x86)\arcgis\desktop10.2\ArcToolbox\Toolboxes\Spatial Analyst Tools.tbx\StreamOrder" Date="20250520" Time="164203">StreamOrder F:\专利申请\一种考虑地表形态特征的子流域与坡面判别方法\DATA\研究区\NHD\Tippecanoe\region2\rundata\stream.tif F:\专利申请\一种考虑地表形态特征的子流域与坡面判别方法\DATA\研究区\NHD\Tippecanoe\region2\rundata\dir.tif F:\专利申请\一种考虑地表形态特征的子流域与坡面判别方法\DATA\研究区\NHD\Tippecanoe\region2\rundata\stream_order.tif STRAHLER</Process></lineage><itemProps><itemLocation><linkage Sync="TRUE">file://\\LAPTOP-H5R0DTUL\F$\专利申请\一种考虑地表形态特征的子流域与坡面判别方法\CODE\little_yellow_creek_watershed\stream_order.tif</linkage><protocol Sync="TRUE">Local Area Network</protocol></itemLocation></itemProps><copyHistory><copy source="F:\专利申请\一种考虑地表形态特征的子流域与坡面判别方法\DATA\研究区\NHD\Tippecanoe\region2\rundata\stream_order.tif" dest="\\LAPTOP-H5R0DTUL\F$\专利申请\一种考虑地表形态特征的子流域与坡面判别方法\CODE\little_yellow_creek_watershed\stream_order.tif" date="20250623" time="14001900"></copy></copyHistory></DataProperties></Esri></metadata>
