<?xml version="1.0" encoding="UTF-8"?>
<metadata xml:lang="zh"><Esri><CreaDate>20250623</CreaDate><CreaTime>14010500</CreaTime><ArcGISFormat>1.0</ArcGISFormat><SyncOnce>TRUE</SyncOnce><DataProperties><lineage><Process ToolSource="d:\program files (x86)\arcgis\desktop10.2\ArcToolbox\Toolboxes\Spatial Analyst Tools.tbx\StreamLink" Date="20250520" Time="172005">StreamLink visual_stream1.tif dir.tif F:\专利申请\一种考虑地表形态特征的子流域与坡面判别方法\DATA\研究区\NHD\Tippecanoe\region2\rundata\visual_stream.tif</Process></lineage><itemProps><itemLocation><linkage Sync="TRUE">file://\\LAPTOP-H5R0DTUL\F$\专利申请\一种考虑地表形态特征的子流域与坡面判别方法\CODE\little_yellow_creek_watershed\visual_stream.tif</linkage><protocol Sync="TRUE">Local Area Network</protocol></itemLocation></itemProps><copyHistory><copy source="F:\专利申请\一种考虑地表形态特征的子流域与坡面判别方法\DATA\研究区\NHD\Tippecanoe\region2\rundata\visual_stream.tif" dest="\\LAPTOP-H5R0DTUL\F$\专利申请\一种考虑地表形态特征的子流域与坡面判别方法\CODE\little_yellow_creek_watershed\visual_stream.tif" date="20250623" time="14010500"></copy></copyHistory></DataProperties></Esri></metadata>
